INSERT INTO Equipa VALUES('Red Bull Racing', 'Milton Keynes Reino Unido', 123456789, 'Principal');
INSERT INTO Equipa VALUES('Mercedes AMG Petronas Formula One Team', 'Brackley Northamptonshire Reino Unido', 987654321, 'Principal');
INSERT INTO Equipa VALUES('Uralkali Haas F1 Team', 'Kannapolis Carolina do Norte Estados Unidos', 111111111, 'Principal');
INSERT INTO Equipa VALUES('McLaren F1 Team', 'Woking Reino Unido', 222222222, 'Principal');
INSERT INTO Equipa VALUES('Alfa Romeo Racing Orlen', 'Hinwil Suica', 333333333, 'Satelite');
INSERT INTO Equipa VALUES('Scuderia AlphaTauri Honda', 'Faenca Italia', 444444444, 'Satelite');
INSERT INTO Equipa VALUES('Alpine F1 Team', 'Enstone Oxforshire Reino Unido', 555555555, 'Principal');
INSERT INTO Equipa VALUES('Williams Racing', 'Grove Reino Unido', 666666666, 'Principal');
INSERT INTO Equipa VALUES('Aston Martin Cognizant Formula One Team', 'Silverstone Inglaterra Reino Unido', 777777777, 'Principal');
INSERT INTO Equipa VALUES('Scuderia Mission Winnow Ferrari', 'Maranello Italia', 888888888, 'Principal');

INSERT INTO Marca VALUES('Red Bull', 'Austria', 'Fuschi', 111222333);
INSERT INTO Marca VALUES('Honda', 'Japao', 'Minato Toquio', 222111333);
INSERT INTO Marca VALUES('Mercedes AMG', 'Alemanha', 'Stuttgart', 222333111);
INSERT INTO Marca VALUES('Petronas', 'Malasia', 'Kuala Lumpur', 333222111);
INSERT INTO Marca VALUES('Ferrari', 'Italia', 'Maranello', 333111222);
INSERT INTO Marca VALUES('Uralkali', 'Russia', 'Perm', 111111222);
INSERT INTO Marca VALUES('McLaren', 'Reino Unido', 'Woking', 111222222);
INSERT INTO Marca VALUES('Orlen', 'Polonia', 'Plock', 222222111);
INSERT INTO Marca VALUES('Alpine', 'Franca', 'Dieppe', 111111333);
INSERT INTO Marca VALUES('Aston Martin', 'Reino Unido', 'Gaydon', 111333333);
INSERT INTO Marca VALUES('Emirates', 'Emirados Arabes Unidos', 'Dubai', 222222333);
INSERT INTO Marca VALUES('Pirelli', 'Italia', 'Milao', 222333222);
INSERT INTO Marca VALUES('Rolex', 'Suica', 'Genebra', 333222222);
INSERT INTO Marca VALUES('Monster Energy', 'Estados Unidos', 'Las Vegas', 333222333);
INSERT INTO Marca VALUES('Puma', 'Alemanha', 'Herzogenaurach', 999999999);
INSERT INTO Marca VALUES('Oracle', 'Estados Unidos', 'Santa Clara California', 999000999);
INSERT INTO Marca VALUES('Tag Heuer', 'Suica', 'La Chaux de Fonds', 444000444);
INSERT INTO Marca VALUES('Carrera', 'Italia', 'Padova', 222999222);
INSERT INTO Marca VALUES('Huski Chocolate', 'Suecia', 'Londres', 000555000);
INSERT INTO Marca VALUES('Siemens', 'Alemanha', 'Munique', 888555888);
INSERT INTO Marca VALUES('Cognizant', 'Estados Unidos', 'Nova Jersei', 333444666);
INSERT INTO Marca VALUES('Shell', 'Paises Baixos', 'Haia', 555111888);
INSERT INTO Marca VALUES('Marelli', 'Italia', 'Corbetta', 777222555);
INSERT INTO Marca VALUES('Haas', 'Estados Unidos', 'California', 373296747);

INSERT INTO Construtor VALUES('Honda');
INSERT INTO Construtor VALUES('Mercedes AMG');
INSERT INTO Construtor VALUES('Ferrari');
INSERT INTO Construtor VALUES('McLaren');
INSERT INTO Construtor VALUES('Alpine');
INSERT INTO Construtor VALUES('Aston Martin');
INSERT INTO Construtor VALUES('Haas');

INSERT INTO Patrocinador VALUES('Red Bull');
INSERT INTO Patrocinador VALUES('Petronas');
INSERT INTO Patrocinador VALUES('Uralkali');
INSERT INTO Patrocinador VALUES('Orlen');
INSERT INTO Patrocinador VALUES('Emirates');
INSERT INTO Patrocinador VALUES('Pirelli');
INSERT INTO Patrocinador VALUES('Rolex');
INSERT INTO Patrocinador VALUES('Puma');
INSERT INTO Patrocinador VALUES('Oracle');
INSERT INTO Patrocinador VALUES('Tag Heuer');
INSERT INTO Patrocinador VALUES('Carrera');
INSERT INTO Patrocinador VALUES('Huski Chocolate');
INSERT INTO Patrocinador VALUES('Siemens');
INSERT INTO Patrocinador VALUES('Cognizant');
INSERT INTO Patrocinador VALUES('Shell');
INSERT INTO Patrocinador VALUES('Marelli');

INSERT INTO Piloto VALUES (3,'Daniel Ricciardo','1989-07-01',742951064,'Melbourne Australia','Reserva');
INSERT INTO Piloto VALUES (44,'Lewis Hamilton','1985-01-07',152733902,'Zurique Suica','Principal');
INSERT INTO Piloto VALUES (14,'Fernando Alonso','1981-07-29',098418559,'Oviedo Espanaha','Principal');
INSERT INTO Piloto VALUES (5,'Sebastian Vettel','1987-07-03',931653678,'Heppenheim Alemanha','Principal');
INSERT INTO Piloto VALUES (77,'Valtteri Bottas','1989-08-28',438893001,'Nastola Finlandia','Reserva');
INSERT INTO Piloto VALUES (33,'Max Verstappen','1997-09-30',111468290,'Hasselt Belgica','Principal');
INSERT INTO Piloto VALUES (11,'Sergio Perez','1990-01-26',610428954,'Guadajara Jalisco Mexico','Reserva');
INSERT INTO Piloto VALUES (63,'George Russell','1998-02-15',999432765,'Kings Lynn Norfolk','Reserva');
INSERT INTO Piloto VALUES (55,'Carlos Sainz Jr','1994-09-01',123987654,'Madrid Espanha','Principal');
INSERT INTO Piloto VALUES (10,'Pierre Gasly','1996-02-07',123498321,'Ruao Franca','Principal');
INSERT INTO Piloto VALUES (4,'Lando Norris','1999-11-13',300964722,'Bristol Inglaterra','Principal');
INSERT INTO Piloto VALUES (31,'Esteban Ocon','1996-9-17',999321123,'Evreux Franca','Reserva');
INSERT INTO Piloto VALUES (37,'Mick Schumacher','1999-03-22',221444765,'Vufflens le Chateau Suica','Principal');
INSERT INTO Piloto VALUES (16,'Charles Leclerc','1997-10-16',221444765,'Monte Carlo Monaco','Principal');
INSERT INTO Piloto VALUES (22,'Yuki Tsunoda','2000-05-11',432167890,'Sagamihara Kanagawa','Reserva');
INSERT INTO Piloto VALUES (9,'Nikita Mazepin','1999-03-02',333445741,'Moscou Russia','Reserva');
INSERT INTO Piloto VALUES (99,'Antonio Giovinazzi','1993-12-14',785321469,'Martina Franca Italia','Reserva');
INSERT INTO Piloto VALUES (7,'Kimi Raikkonen','1979-10-17',369258147,'Espoo Finlandia','Principal');
INSERT INTO Piloto VALUES (6,'Nicholas Latifi','1995-06-29',753159852,'Montreal Canada','Reserva');
INSERT INTO Piloto VALUES (18,'Lance Stroll','1998-10-29',357951147,'Montreal Canada','Reserva');

INSERT INTO Campeonato VALUES(2011, '2011-03-10', '2011-12-01');
INSERT INTO Campeonato VALUES(2012, '2012-03-11', '2012-12-02');
INSERT INTO Campeonato VALUES(2013, '2013-03-12', '2013-12-03');
INSERT INTO Campeonato VALUES(2014, '2014-03-13', '2014-12-04');
INSERT INTO Campeonato VALUES(2015, '2015-03-14', '2015-12-05');
INSERT INTO Campeonato VALUES(2016, '2016-03-15', '2016-12-06');
INSERT INTO Campeonato VALUES(2017, '2017-03-16', '2017-12-07');
INSERT INTO Campeonato VALUES(2018, '2018-03-17', '2018-12-08');
INSERT INTO Campeonato VALUES(2019, '2019-03-18', '2019-12-09');
INSERT INTO Campeonato VALUES(2020, '2020-03-19', '2020-12-10');
INSERT INTO Campeonato VALUES(2021, '2021-03-20', '2021-12-11');

INSERT INTO OrigemCircuito VALUES('Autodromo Internacional do Algarve','Portugal');
INSERT INTO OrigemCircuito VALUES('Circuito das Americas','Estados Unidos');
INSERT INTO OrigemCircuito VALUES('Circuito de Mugello','Italia');
INSERT INTO OrigemCircuito VALUES('Red Bull Ring','Austria');
INSERT INTO OrigemCircuito VALUES('Circuito de Silverstone','Reino Unido');
INSERT INTO OrigemCircuito VALUES('Circuito Paul Ricard','Franca');
INSERT INTO OrigemCircuito VALUES('Circuito Internacional de Losail','Catar');
INSERT INTO OrigemCircuito VALUES('Autodromo Jose Carlos Pace','Brasil');
INSERT INTO OrigemCircuito VALUES('Hungaroring','Hungria');
INSERT INTO OrigemCircuito VALUES('Autodromo de Sochi','Russia');
INSERT INTO OrigemCircuito VALUES('Circuito de Suzuka','Japao');

INSERT INTO Circuito VALUES('Autodromo Internacional do Algarve', '2020-12-10', '13:00:00',2020);
INSERT INTO Circuito VALUES('Circuito de Mugello', '2016-03-15', '11:30:00',2016);
INSERT INTO Circuito VALUES('Red Bull Ring', '2012-05-14', '13:00:00',2012);
INSERT INTO Circuito VALUES('Circuito Internacional de Losail', '2011-08-30', '10:00:00',2011);
INSERT INTO Circuito VALUES('Circuito Internacional de Losail', '2015-06-25', '10:30:00',2015);
INSERT INTO Circuito VALUES('Autodromo Jose Carlos Pace', '2014-10-19', '13:00:00',2014);
INSERT INTO Circuito VALUES('Autodromo de Sochi', '2018-12-01', '11:00:00',2018);
INSERT INTO Circuito VALUES('Hungaroring', '2019-04-13', '13:00:00',2019);
INSERT INTO Circuito VALUES('Circuito de Mugello', '2017-09-15', '13:00:00',2017);
INSERT INTO Circuito VALUES('Circuito de Silverstone', '2019-11-21', '13:00:00',2019);
INSERT INTO Circuito VALUES('Circuito de Mugello', '2020-07-11', '13:30:00',2020);
INSERT INTO Circuito VALUES('Circuito Paul Ricard', '2021-11-07', '13:00:00',2021);
INSERT INTO Circuito VALUES('Red Bull Ring', '2013-12-03', '12:00:00',2013);
INSERT INTO Circuito VALUES('Circuito Internacional de Losail', '2021-03-20', '09:30:00',2021);
INSERT INTO Circuito VALUES('Circuito das Americas', '2021-05-29', '20:00:00',2021);

INSERT INTO EquipaTem VALUES('Mercedes AMG Petronas Formula One Team',44);
INSERT INTO EquipaTem VALUES('Mercedes AMG Petronas Formula One Team',77);
INSERT INTO EquipaTem VALUES('Red Bull Racing',33);
INSERT INTO EquipaTem VALUES('Red Bull Racing',11);
INSERT INTO EquipaTem VALUES('Uralkali Haas F1 Team',37);
INSERT INTO EquipaTem VALUES('Uralkali Haas F1 Team',9);
INSERT INTO EquipaTem VALUES('McLaren F1 Team',3);
INSERT INTO EquipaTem VALUES('McLaren F1 Team',4);
INSERT INTO EquipaTem VALUES('Alfa Romeo Racing Orlen',99);
INSERT INTO EquipaTem VALUES('Alfa Romeo Racing Orlen',7);
INSERT INTO EquipaTem VALUES('Scuderia AlphaTauri Honda',22);
INSERT INTO EquipaTem VALUES('Scuderia AlphaTauri Honda',10);
INSERT INTO EquipaTem VALUES('Alpine F1 Team',14);
INSERT INTO EquipaTem VALUES('Alpine F1 Team',31);
INSERT INTO EquipaTem VALUES('Williams Racing',63);
INSERT INTO EquipaTem VALUES('Aston Martin Cognizant Formula One Team',5);
INSERT INTO EquipaTem VALUES('Aston Martin Cognizant Formula One Team',18);
INSERT INTO EquipaTem VALUES('Scuderia Mission Winnow Ferrari',55);
INSERT INTO EquipaTem VALUES('Scuderia Mission Winnow Ferrari',16);

INSERT INTO EquipaParticipa VALUES('Red Bull Racing',2011);
INSERT INTO EquipaParticipa VALUES('Alfa Romeo Racing Orlen',2015);
INSERT INTO EquipaParticipa VALUES('Red Bull Racing',2020);
INSERT INTO EquipaParticipa VALUES('Mercedes AMG Petronas Formula One Team',2021);
INSERT INTO EquipaParticipa VALUES('Alpine F1 Team',2017);
INSERT INTO EquipaParticipa VALUES('Scuderia AlphaTauri Honda',2020);
INSERT INTO EquipaParticipa VALUES('McLaren F1 Team',2016);
INSERT INTO EquipaParticipa VALUES('Aston Martin Cognizant Formula One Team',2012);
INSERT INTO EquipaParticipa VALUES('Scuderia Mission Winnow Ferrari',2013);
INSERT INTO EquipaParticipa VALUES('Mercedes AMG Petronas Formula One Team',2015);
INSERT INTO EquipaParticipa VALUES('Red Bull Racing',2013);
INSERT INTO EquipaParticipa VALUES('Scuderia Mission Winnow Ferrari',2014);
INSERT INTO EquipaParticipa VALUES('Williams Racing',2018);
INSERT INTO EquipaParticipa VALUES('Uralkali Haas F1 Team',2019);
INSERT INTO EquipaParticipa VALUES('Red Bull Racing',2021);

INSERT INTO ConstrutorPossui VALUES('Honda','Red Bull Racing');
INSERT INTO ConstrutorPossui VALUES('Mercedes AMG','Mercedes AMG Petronas Formula One Team');
INSERT INTO ConstrutorPossui VALUES('Haas','Uralkali Haas F1 Team');
INSERT INTO ConstrutorPossui VALUES('McLaren','McLaren F1 Team');
INSERT INTO ConstrutorPossui VALUES('Ferrari','Alfa Romeo Racing Orlen');
INSERT INTO ConstrutorPossui VALUES('Honda','Scuderia AlphaTauri Honda');
INSERT INTO ConstrutorPossui VALUES('Alpine','Alpine F1 Team');
INSERT INTO ConstrutorPossui VALUES('Mercedes AMG','Williams Racing');
INSERT INTO ConstrutorPossui VALUES('Aston Martin','Aston Martin Cognizant Formula One Team');
INSERT INTO ConstrutorPossui VALUES('Ferrari','Scuderia Mission Winnow Ferrari');

INSERT INTO PatrocinadorPatrocina VALUES('Red Bull','Red Bull Racing');
INSERT INTO PatrocinadorPatrocina VALUES('Petronas','Mercedes AMG Petronas Formula One Team');
INSERT INTO PatrocinadorPatrocina VALUES('Pirelli','Williams Racing');
INSERT INTO PatrocinadorPatrocina VALUES('Orlen','Alfa Romeo Racing Orlen');
INSERT INTO PatrocinadorPatrocina VALUES('Puma','Alpine F1 Team');
INSERT INTO PatrocinadorPatrocina VALUES('Uralkali','Uralkali Haas F1 Team');
INSERT INTO PatrocinadorPatrocina VALUES('Cognizant','Aston Martin Cognizant Formula One Team');
INSERT INTO PatrocinadorPatrocina VALUES('Carrera','McLaren F1 Team');
INSERT INTO PatrocinadorPatrocina VALUES('Rolex','Scuderia Mission Winnow Ferrari');
INSERT INTO PatrocinadorPatrocina VALUES('Emirates','Scuderia AlphaTauri Honda');
INSERT INTO PatrocinadorPatrocina VALUES('Tag Heuer','Mercedes AMG Petronas Formula One Team');
INSERT INTO PatrocinadorPatrocina VALUES('Pirelli','Red Bull Racing');
INSERT INTO PatrocinadorPatrocina VALUES('Oracle','McLaren F1 Team');
INSERT INTO PatrocinadorPatrocina VALUES('Shell','Alpine F1 Team');
INSERT INTO PatrocinadorPatrocina VALUES('Pirelli','Alpine F1 Team');
INSERT INTO PatrocinadorPatrocina VALUES('Huski Chocolate','Scuderia AlphaTauri Honda');
INSERT INTO PatrocinadorPatrocina VALUES('Siemens','Scuderia Mission Winnow Ferrari');
INSERT INTO PatrocinadorPatrocina VALUES('Marelli','Alfa Romeo Racing Orlen');

INSERT INTO Transferencias VALUES('2020-02-01',12546871,'Scuderia Mission Winnow Ferrari','Aston Martin Cognizant Formula One Team',5);
INSERT INTO Transferencias VALUES('2020-01-26',54789652,'McLaren F1 Team','Scuderia Mission Winnow Ferrari',55);
INSERT INTO Transferencias VALUES('2020-01-17',35478952,'Alpine F1 Team','McLaren F1 Team',3);
INSERT INTO Transferencias VALUES('2020-03-01',14785332,'McLaren F1 Team','Alpine F1 Team',14);
INSERT INTO Transferencias VALUES('2020-01-13',22314587,'Aston Martin Cognizant Formula One Team','Red Bull Racing',11);
INSERT INTO Transferencias VALUES('2020-02-05',36985214,'Scuderia AlphaTauri Honda','Uralkali Haas F1 Team',37);
INSERT INTO Transferencias VALUES('2020-12-28',12347851,'Uralkali Haas F1 Team','Uralkali Haas F1 Team',9);
INSERT INTO Transferencias VALUES('2020-12-18',11135478,'Alfa Romeo Racing Orlen','Scuderia AlphaTauri Honda',22);
